,00:00:02,84,4.7,12:46,0,78,,0.60,29.7,,
,00:00:03,86,5.9,10:10,72,78,,3.10,29.5,,
,00:00:04,86,6.0,10:00,90,78,,6.10,29.6,,
,00:00:05,90,6.3,09:31,93,78,,9.30,29.5,,
,00:00:06,94,7.2,08:20,94,78,,12.60,29.4,,
,00:00:07,96,14.1,04:15,94,78,,16.70,29.5,,
,00:00:08,100,16.8,03:34,94,78,,22.20,29.4,,
,00:00:09,103,17.5,03:26,94,78,,27.50,29.4,,
,00:00:10,106,17.7,03:23,95,78,,33.10,29.5,,
,00:00:11,109,17.8,03:22,94,78,,39.00,29.4,,
,00:00:12,112,18.0,03:20,94,78,,45.08,29.2,,
,00:00:13,115,18.4,03:16,94,78,,51.17,29.2,,
,00:00:14,117,18.9,03:10,95,78,,57.25,29.3,,
,00:00:15,117,19.5,03:05,96,78,,63.33,29.2,,
,00:00:16,121,19.5,03:05,96,78,,69.20,29.2,,
,00:00:17,123,19.6,03:04,95,78,,74.60,29.1,,
,00:00:18,123,19.6,03:04,94,78,,79.80,29.1,,
,00:00:19,125,19.7,03:03,94,78,,85.30,29.1,,
,00:00:20,126,19.6,03:04,94,78,,91.00,29.0,,
,00:00:21,127,19.5,03:05,91,78,,96.50,29.0,,
,00:00:22,128,19.4,03:06,91,78,,102.20,29.0,,
,00:00:23,129,19.3,03:07,93,78,,107.70,28.9,,
,00:00:24,130,19.0,03:09,93,78,,113.00,29.0,,
,00:00:25,131,18.5,03:15,93,78,,118.20,28.8,,
,00:00:26,132,17.9,03:21,93,78,,123.00,28.8,,
,00:00:27,132,17.5,03:26,93,78,,127.70,28.8,,
,00:00:28,133,17.0,03:32,93,78,,131.90,28.7,,
,00:00:29,134,16.6,03:37,93,78,,136.40,28.6,,
,00:00:30,134,16.4,03:40,93,78,,140.90,28.6,,
,00:00:31,135,16.2,03:42,93,78,,145.00,28.6,,
,00:00:32,135,16.0,03:45,93,78,,149.10,28.5,,
,00:00:33,135,15.7,03:49,93,78,,153.10,28.4,,
,00:00:34,135,15.4,03:54,93,77,,156.90,28.5,,
,00:00:35,136,15.2,03:57,92,77,,160.90,28.5,,
,00:00:36,136,15.1,03:58,92,77,,164.90,28.4,,
,00:00:37,136,15.1,03:58,93,77,,169.10,28.3,,
,00:00:38,136,15.2,03:57,93,77,,173.00,28.2,,
,00:00:39,137,15.3,03:55,93,77,,177.10,28.1,,
,00:00:40,137,15.4,03:54,93,77,,181.30,28.1,,
,00:00:41,137,15.6,03:51,93,77,,185.90,28.0,,
,00:00:42,138,15.8,03:48,93,77,,190.60,28.1,,
,00:00:43,138,15.9,03:46,93,77,,195.30,28.0,,
,00:00:44,138,16.0,03:45,93,77,,200.20,28.0,,
,00:00:45,139,16.1,03:44,92,77,,205.10,27.9,,
,00:00:46,139,16.2,03:42,91,77,,210.00,27.8,,
,00:00:47,139,16.3,03:41,92,77,,214.90,27.8,,
,00:00:48,139,16.3,03:41,93,77,,219.70,27.7,,
,00:00:49,139,16.2,03:42,93,77,,224.40,27.8,,
,00:00:50,139,16.2,03:42,93,77,,228.70,27.6,,
,00:00:51,140,16.1,03:44,93,77,,233.10,27.6,,
,00:00:52,140,16.1,03:44,93,77,,237.40,27.5,,
,00:00:53,140,16.1,03:44,93,77,,241.60,27.5,,
,00:00:54,140,16.1,03:44,93,77,,246.00,27.5,,
,00:00:55,140,16.1,03:44,92,77,,250.40,27.5,,
,00:00:56,140,16.2,03:42,91,77,,254.70,27.4,,
,00:00:57,140,16.2,03:42,92,77,,259.30,27.4,,
,00:00:58,140,16.2,03:42,91,77,,263.80,27.4,,
,00:00:59,140,16.1,03:44,91,77,,268.40,27.3,,
,00:01:00,140,16.1,03:44,91,77,,272.60,27.3,,
,00:01:01,140,16.0,03:45,92,77,,276.80,27.3,,
,00:01:02,140,16.0,03:45,93,77,,280.90,27.1,,
,00:01:03,141,15.9,03:46,93,77,,285.00,27.1,,
,00:01:04,141,15.9,03:46,93,77,,289.10,27.2,,
,00:01:05,141,15.9,03:46,93,77,,293.10,27.1,,
,00:01:06,141,15.8,03:48,93,77,,297.10,27.0,,
,00:01:07,141,15.8,03:48,93,77,,301.30,27.0,,
,00:01:08,141,15.8,03:48,93,77,,305.40,27.0,,
,00:01:09,142,15.7,03:49,93,77,,309.70,27.0,,
,00:01:10,142,15.7,03:49,92,77,,314.00,26.9,,
,00:01:11,142,15.6,03:51,93,77,,318.30,26.9,,
,00:01:12,143,15.6,03:51,93,77,,322.30,26.8,,
,00:01:13,143,15.5,03:52,93,77,,326.10,26.8,,
,00:01:14,143,15.4,03:54,93,77,,329.90,26.8,,
,00:01:15,143,15.3,03:55,93,77,,333.60,26.8,,
,00:01:16,143,15.0,04:00,93,77,,337.00,26.6,,
,00:01:17,143,14.7,04:05,93,77,,340.40,26.5,,
,00:01:18,143,14.5,04:08,92,77,,343.60,26.6,,
,00:01:19,143,14.3,04:12,92,77,,346.80,26.5,,
,00:01:20,143,13.8,04:21,93,78,,350.00,26.5,,
,00:01:21,144,13.5,04:27,93,78,,353.20,26.5,,
,00:01:22,144,13.4,04:29,93,78,,356.70,26.5,,
,00:01:23,144,13.4,04:29,93,78,,360.00,26.5,,
,00:01:24,144,13.4,04:29,93,78,,363.50,26.4,,
,00:01:25,144,13.4,04:29,93,78,,367.20,26.4,,
,00:01:26,144,13.4,04:29,93,77,,371.20,26.4,,
,00:01:27,144,13.4,04:29,93,77,,375.20,26.4,,
,00:01:28,144,13.3,04:31,93,77,,378.90,26.2,,
,00:01:29,144,13.3,04:31,92,77,,382.50,26.1,,
,00:01:30,144,13.2,04:33,91,77,,386.00,26.3,,
,00:01:31,144,13.2,04:33,92,77,,389.50,26.1,,
,00:01:32,144,13.2,04:33,93,77,,393.20,26.0,,
,00:01:33,144,13.2,04:33,92,77,,396.90,26.1,,
,00:01:34,144,13.2,04:33,91,77,,400.50,26.0,,
,00:01:35,144,13.3,04:31,92,77,,404.10,26.0,,
,00:01:36,144,13.3,04:31,93,77,,408.10,26.0,,
,00:01:37,144,13.4,04:29,93,77,,412.10,25.9,,
,00:01:38,144,13.4,04:29,93,77,,416.50,25.9,,
,00:01:39,144,13.4,04:29,93,77,,420.60,25.9,,
,00:01:40,144,13.4,04:29,93,77,,424.50,25.8,,
,00:01:41,144,13.4,04:29,93,77,,428.20,25.9,,
,00:01:42,144,13.4,04:29,93,77,,432.00,25.8,,
,00:01:43,144,13.4,04:29,93,77,,435.80,25.8,,
,00:01:44,144,13.5,04:27,93,77,,439.60,25.6,,
,00:01:45,144,13.6,04:25,93,77,,443.40,25.6,,
,00:01:46,144,13.7,04:23,93,77,,447.60,25.6,,
,00:01:47,144,13.8,04:21,93,77,,451.90,25.6,,
,00:01:48,144,13.9,04:19,93,77,,456.30,25.6,,
,00:01:49,144,13.9,04:19,93,77,,461.00,25.6,,
,00:01:50,144,14.0,04:17,93,77,,465.20,25.5,,
,00:01:51,144,14.0,04:17,93,77,,469.60,25.5,,
,00:01:52,143,13.9,04:19,93,77,,473.60,25.5,,
,00:01:53,143,13.9,04:19,93,77,,477.40,25.5,,
,00:01:54,143,13.8,04:21,93,78,,481.00,25.5,,
,00:01:55,143,13.8,04:21,93,78,,484.30,25.3,,
,00:01:56,143,13.8,04:21,93,78,,487.70,25.4,,
,00:01:57,143,13.8,04:21,93,78,,491.20,25.3,,
,00:01:58,143,13.8,04:21,93,78,,494.60,25.3,,
,00:01:59,143,13.8,04:21,93,78,,498.60,25.3,,
,00:02:00,144,13.9,04:19,93,77,,502.50,25.3,,
,00:02:01,143,13.9,04:19,93,77,,506.70,25.2,,
,00:02:02,144,13.8,04:21,93,77,,510.50,25.1,,
,00:02:03,144,13.8,04:21,93,77,,514.10,25.1,,
,00:02:04,144,13.7,04:23,93,77,,517.70,25.1,,
,00:02:05,144,13.6,04:25,93,77,,521.10,25.0,,
,00:02:06,144,13.6,04:25,93,77,,524.40,25.0,,
,00:02:07,144,13.5,04:27,93,77,,527.90,25.0,,
,00:02:08,144,13.4,04:29,93,77,,531.00,24.9,,
,00:02:09,144,13.3,04:31,93,77,,534.10,24.9,,
,00:02:10,144,13.2,04:33,93,77,,537.10,24.9,,
,00:02:11,144,13.1,04:35,93,77,,540.20,24.9,,
,00:02:12,144,13.1,04:35,93,77,,543.70,24.9,,
,00:02:13,144,13.2,04:33,93,77,,547.50,24.9,,
,00:02:14,144,13.3,04:31,93,77,,551.30,24.8,,
,00:02:15,144,13.6,04:25,93,77,,555.40,24.8,,
,00:02:16,144,13.8,04:21,93,77,,559.60,24.7,,
,00:02:17,144,14.1,04:15,93,77,,564.10,24.8,,
,00:02:18,144,14.4,04:10,93,77,,569.10,24.7,,
,00:02:19,144,14.6,04:07,93,77,,574.10,24.6,,
,00:02:20,144,14.8,04:03,93,77,,579.10,24.6,,
,00:02:21,144,14.9,04:02,93,77,,584.20,24.6,,
,00:02:22,144,15.4,03:54,93,77,,589.20,24.5,,
,00:02:23,144,15.5,03:52,93,77,,594.00,24.5,,
,00:02:24,144,15.6,03:51,93,77,,598.70,24.5,,
,00:02:25,144,15.7,03:49,91,77,,603.30,24.4,,
,00:02:26,144,15.8,03:48,91,77,,608.00,24.4,,
,00:02:27,144,15.8,03:48,91,77,,612.30,24.4,,
,00:02:28,144,15.8,03:48,91,77,,616.70,24.4,,
,00:02:29,144,15.8,03:48,91,77,,621.00,24.4,,
,00:02:30,144,15.7,03:49,93,77,,625.10,24.4,,
,00:02:31,144,15.6,03:51,93,77,,629.20,24.3,,
,00:02:32,144,15.6,03:51,93,77,,633.50,24.3,,
,00:02:33,144,15.6,03:51,93,77,,637.70,24.3,,
,00:02:34,144,15.5,03:52,93,77,,641.70,24.1,,
,00:02:35,145,15.5,03:52,93,77,,645.70,24.2,,
,00:02:36,145,15.5,03:52,93,77,,649.60,24.3,,
,00:02:37,145,15.5,03:52,93,77,,653.60,24.0,,
,00:02:38,145,15.5,03:52,93,77,,657.90,24.1,,
,00:02:39,145,15.5,03:52,93,77,,662.40,24.0,,
,00:02:40,145,15.6,03:51,93,77,,666.90,24.0,,
,00:02:41,146,15.6,03:51,93,77,,671.60,24.0,,
,00:02:42,146,15.8,03:48,93,77,,676.20,24.0,,
,00:02:43,146,15.9,03:46,93,77,,681.00,24.0,,
,00:02:44,146,16.0,03:45,93,77,,685.90,24.0,,
,00:02:45,146,16.3,03:41,93,77,,691.00,24.0,,
,00:02:46,146,16.5,03:38,93,77,,695.90,24.0,,
,00:02:47,146,16.7,03:36,93,77,,700.90,23.9,,
,00:02:48,146,17.0,03:32,93,77,,706.10,23.8,,
,00:02:49,146,17.3,03:28,93,77,,711.40,23.8,,
,00:02:50,146,18.0,03:20,93,77,,716.80,23.8,,
,00:02:51,146,18.5,03:15,93,77,,722.30,23.9,,
,00:02:52,146,18.8,03:11,93,77,,727.80,23.8,,
,00:02:53,146,19.1,03:08,93,77,,733.50,23.8,,
,00:02:54,146,19.2,03:08,93,77,,739.10,23.8,,
,00:02:55,145,19.3,03:07,93,77,,744.80,23.7,,
,00:02:56,145,19.1,03:08,93,77,,750.40,23.6,,
,00:02:57,145,18.9,03:10,93,77,,755.90,23.6,,
,00:02:58,145,18.8,03:11,93,77,,761.00,23.5,,
,00:02:59,145,18.6,03:14,93,77,,766.20,23.6,,
,00:03:00,145,18.5,03:15,93,77,,771.40,23.6,,
,00:03:01,145,18.4,03:16,93,77,,776.40,23.5,,
,00:03:02,145,18.1,03:19,93,77,,781.40,23.4,,
,00:03:03,145,17.8,03:22,91,77,,786.40,23.5,,
,00:03:04,145,17.4,03:27,92,77,,791.00,23.5,,
,00:03:05,145,16.7,03:36,91,77,,795.60,23.4,,
,00:03:06,144,16.0,03:45,92,77,,799.90,23.4,,
,00:03:07,144,15.4,03:54,91,77,,803.80,23.4,,
,00:03:08,144,14.9,04:02,92,77,,807.60,23.5,,
,00:03:09,144,14.5,04:08,93,77,,811.20,23.4,,
,00:03:10,144,14.5,04:08,93,77,,814.80,23.3,,
,00:03:11,145,14.7,04:05,93,77,,818.50,23.3,,
,00:03:12,145,14.9,04:02,93,77,,822.20,23.2,,
,00:03:13,145,15.2,03:57,93,77,,826.30,23.3,,
,00:03:14,145,15.6,03:51,93,77,,830.20,23.2,,
,00:03:15,145,15.9,03:46,93,77,,834.60,23.2,,
,00:03:16,145,16.2,03:42,93,77,,839.40,23.2,,
,00:03:17,146,16.5,03:38,93,77,,844.30,23.1,,
,00:03:18,146,16.7,03:36,93,77,,849.30,23.1,,
,00:03:19,146,16.7,03:36,93,77,,854.30,23.1,,
,00:03:20,146,16.7,03:36,93,77,,859.20,23.0,,
,00:03:21,146,16.8,03:34,93,77,,864.00,23.1,,
,00:03:22,147,16.8,03:34,93,77,,868.90,23.1,,
,00:03:23,147,16.8,03:34,93,77,,874.00,23.0,,
,00:03:24,147,16.8,03:34,93,77,,878.70,23.0,,
,00:03:25,147,16.8,03:34,93,77,,883.30,23.0,,
,00:03:26,147,16.7,03:36,93,77,,888.00,23.0,,
,00:03:27,146,16.6,03:37,93,77,,892.30,22.9,,
,00:03:28,146,16.6,03:37,93,77,,896.60,22.9,,
,00:03:29,146,16.5,03:38,93,77,,901.10,22.9,,
,00:03:30,146,16.3,03:41,93,77,,905.40,22.9,,
,00:03:31,146,16.1,03:44,93,77,,909.60,22.9,,
,00:03:32,145,15.8,03:48,93,77,,913.10,22.9,,
,00:03:33,145,15.2,03:57,93,77,,916.90,22.9,,
,00:03:34,146,14.7,04:05,92,77,,920.40,22.8,,
,00:03:35,146,14.4,04:10,91,77,,924.00,22.8,,
,00:03:36,146,14.3,04:12,91,77,,927.40,22.8,,
,00:03:37,146,14.3,04:12,91,77,,931.30,22.8,,
,00:03:38,146,14.3,04:12,91,77,,935.00,22.7,,
,00:03:39,145,14.4,04:10,91,77,,938.70,22.8,,
,00:03:40,145,14.4,04:10,92,77,,942.50,22.6,,
,00:03:41,145,14.4,04:10,93,77,,946.60,22.6,,
,00:03:42,145,14.5,04:08,93,77,,950.90,22.7,,
,00:03:43,144,14.6,04:07,93,77,,955.40,22.6,,
,00:03:44,144,14.7,04:05,93,77,,959.70,22.6,,
,00:03:45,145,14.9,04:02,93,77,,964.20,22.6,,
,00:03:46,145,15.1,03:58,95,77,,968.70,22.5,,
,00:03:47,145,15.5,03:52,95,77,,973.40,22.5,,
,00:03:48,146,15.9,03:46,94,77,,978.20,22.5,,
,00:03:49,146,16.3,03:41,94,77,,983.00,22.5,,
,00:03:50,147,16.6,03:37,94,77,,988.10,22.5,,
,00:03:51,147,16.8,03:34,94,77,,993.30,22.4,,
,00:03:52,147,16.9,03:33,94,77,,998.40,22.5,,
,00:03:53,147,16.8,03:34,94,77,,1003.20,22.4,,
,00:03:54,148,16.7,03:36,91,77,,1007.50,22.4,,
,00:03:55,147,16.6,03:37,91,77,,1012.00,22.3,,
,00:03:56,148,16.6,03:37,91,77,,1016.70,22.3,,
,00:03:57,148,16.6,03:37,91,77,,1021.10,22.2,,
,00:03:58,148,16.7,03:36,91,77,,1025.90,22.3,,
,00:03:59,148,16.6,03:37,92,77,,1030.30,22.3,,
,00:04:00,148,16.6,03:37,91,77,,1034.60,22.4,,
,00:04:01,148,16.6,03:37,91,77,,1038.70,22.3,,
,00:04:02,148,16.6,03:37,91,77,,1043.40,22.3,,
,00:04:03,147,16.6,03:37,91,77,,1048.30,22.2,,
,00:04:04,147,16.6,03:37,92,77,,1053.20,22.3,,
,00:04:05,147,16.6,03:37,93,77,,1057.80,22.2,,
,00:04:06,147,16.7,03:36,93,77,,1062.50,22.2,,
,00:04:07,147,16.8,03:34,93,77,,1067.00,22.2,,
,00:04:08,147,16.9,03:33,93,77,,1072.20,22.2,,
,00:04:09,147,18.3,03:17,93,77,,1077.60,22.2,,
,00:04:10,147,19.2,03:08,93,77,,1083.68,22.1,,
,00:04:11,147,19.5,03:05,93,77,,1089.70,22.1,,
,00:04:12,147,19.7,03:03,93,77,,1095.40,22.1,,
,00:04:13,147,19.7,03:03,93,76,,1101.10,22.1,,
,00:04:14,147,19.7,03:03,92,76,,1107.10,22.0,,
,00:04:15,147,19.4,03:06,93,76,,1112.80,22.1,,
,00:04:16,147,19.1,03:08,93,76,,1118.50,22.1,,
,00:04:17,147,18.7,03:13,93,76,,1123.80,22.0,,
,00:04:18,147,18.3,03:17,93,76,,1128.90,22.0,,
,00:04:19,147,18.0,03:20,93,76,,1133.60,22.0,,
,00:04:20,147,17.8,03:22,93,76,,1138.30,22.0,,
,00:04:21,147,17.5,03:26,93,76,,1143.00,22.0,,
,00:04:22,147,17.4,03:27,93,76,,1147.60,21.9,,
,00:04:23,147,17.4,03:27,93,76,,1152.20,21.9,,
,00:04:24,147,17.4,03:27,93,76,,1156.70,21.9,,
,00:04:25,147,17.3,03:28,93,76,,1161.40,21.8,,
,00:04:26,146,17.0,03:32,93,76,,1166.10,21.9,,
,00:04:27,146,16.8,03:34,93,76,,1170.50,21.8,,
,00:04:28,147,16.6,03:37,93,76,,1174.90,21.7,,
,00:04:29,147,16.2,03:42,92,76,,1179.40,21.6,,
,00:04:30,147,16.1,03:44,93,76,,1183.80,21.8,,
,00:04:31,147,16.0,03:45,93,76,,1187.90,21.8,,
,00:04:32,147,15.7,03:49,93,76,,1192.30,21.6,,
,00:04:33,147,15.6,03:51,93,76,,1196.30,21.6,,
,00:04:34,147,15.4,03:54,93,76,,1200.20,21.6,,
,00:04:35,147,15.2,03:57,93,76,,1204.00,21.6,,
,00:04:36,147,15.1,03:58,93,76,,1207.60,21.6,,
,00:04:37,146,14.7,04:05,92,76,,1211.40,21.5,,
,00:04:38,147,14.6,04:07,92,76,,1215.10,21.5,,
,00:04:39,147,14.6,04:07,93,76,,1218.80,21.6,,
,00:04:40,146,14.6,04:07,93,76,,1222.90,21.5,,
,00:04:41,147,14.6,04:07,93,76,,1226.80,21.5,,
,00:04:42,146,14.5,04:08,93,76,,1230.50,21.5,,
,00:04:43,147,14.3,04:12,93,76,,1234.40,21.5,,
,00:04:44,147,14.1,04:15,92,76,,1237.70,21.5,,
,00:04:45,146,13.9,04:19,92,76,,1240.70,21.5,,
,00:04:46,146,13.8,04:21,93,76,,1243.30,21.5,,
,00:04:47,146,13.8,04:21,93,76,,1246.40,21.5,,
,00:04:48,146,13.9,04:19,93,76,,1249.90,21.4,,
,00:04:49,146,14.1,04:15,93,76,,1253.40,21.5,,
,00:04:50,146,14.4,04:10,92,76,,1256.80,21.4,,
,00:04:51,146,16.3,03:41,93,76,,1260.80,21.4,,
,00:04:52,146,16.5,03:38,93,76,,1266.10,21.3,,
,00:04:53,146,16.5,03:38,92,76,,1271.80,21.4,,
,00:04:54,146,16.5,03:38,92,76,,1277.60,21.1,,
,00:04:55,146,16.4,03:40,92,76,,1282.70,21.3,,
,00:04:56,145,16.4,03:40,92,76,,1287.50,21.3,,
,00:04:57,145,16.5,03:38,91,76,,1292.20,21.3,,
,00:04:58,145,16.6,03:37,91,76,,1296.70,21.3,,
,00:04:59,145,16.7,03:36,91,76,,1301.50,21.3,,
,00:05:00,145,16.9,03:33,91,76,,1306.00,21.3,,
,00:05:01,145,17.0,03:32,91,76,,1310.70,21.3,,
,00:05:02,145,17.0,03:32,92,76,,1315.60,21.2,,
,00:05:03,145,17.0,03:32,92,76,,1320.40,21.2,,
,00:05:04,145,16.8,03:34,91,76,,1325.20,21.3,,
,00:05:05,146,16.6,03:37,91,75,,1329.70,21.2,,
,00:05:06,146,16.4,03:40,92,75,,1334.20,21.1,,
,00:05:07,146,16.2,03:42,93,75,,1338.70,21.1,,
,00:05:08,146,16.2,03:42,93,75,,1343.00,21.2,,
,00:05:09,146,16.1,03:44,93,75,,1347.30,21.1,,
,00:05:10,146,16.2,03:42,93,75,,1351.70,21.1,,
,00:05:11,146,16.2,03:42,93,75,,1355.90,21.1,,
,00:05:12,146,16.3,03:41,93,75,,1360.40,21.1,,
,00:05:13,145,16.5,03:38,93,75,,1364.90,21.1,,
,00:05:14,146,16.5,03:38,93,75,,1369.80,21.1,,
,00:05:15,145,16.6,03:37,93,75,,1374.60,21.0,,
,00:05:16,145,16.5,03:38,93,75,,1379.20,21.1,,
,00:05:17,146,16.4,03:40,93,74,,1383.80,21.0,,
,00:05:18,146,16.3,03:41,93,74,,1388.40,21.0,,
,00:05:19,146,16.1,03:44,93,74,,1392.60,21.0,,
,00:05:20,146,16.0,03:45,93,74,,1396.80,21.0,,
,00:05:21,146,15.9,03:46,93,74,,1401.10,21.0,,
,00:05:22,145,15.8,03:48,93,74,,1405.20,21.0,,
,00:05:23,146,15.7,03:49,93,74,,1409.30,21.1,,
,00:05:24,145,15.7,03:49,93,74,,1413.20,21.0,,
,00:05:25,146,15.6,03:51,92,74,,1417.30,21.0,,
,00:05:26,146,15.6,03:51,93,74,,1421.50,21.0,,
,00:05:27,146,15.7,03:49,93,74,,1426.00,21.0,,
,00:05:28,146,15.7,03:49,93,74,,1430.20,21.0,,
,00:05:29,146,15.7,03:49,93,74,,1434.80,21.0,,
,00:05:30,146,15.7,03:49,93,74,,1439.30,21.0,,
,00:05:31,147,15.7,03:49,93,74,,1443.60,20.9,,
,00:05:32,147,15.6,03:51,93,74,,1447.90,21.0,,
,00:05:33,146,15.4,03:54,93,74,,1452.10,21.0,,
,00:05:34,147,15.2,03:57,93,74,,1456.20,20.9,,
,00:05:35,147,15.0,04:00,93,74,,1460.00,20.9,,
,00:05:36,147,14.8,04:03,93,74,,1463.40,20.9,,
,00:05:37,147,14.7,04:05,93,74,,1467.40,20.9,,
,00:05:38,147,14.7,04:05,93,74,,1471.00,20.9,,
,00:05:39,148,14.7,04:05,93,75,,1474.90,20.9,,
,00:05:40,148,14.6,04:07,93,75,,1478.80,20.9,,
,00:05:41,148,14.6,04:07,93,75,,1482.30,20.8,,
,00:05:42,148,14.5,04:08,93,75,,1486.10,20.9,,
,00:05:43,147,14.5,04:08,93,75,,1489.90,20.8,,
,00:05:44,147,14.4,04:10,93,75,,1493.80,20.8,,
,00:05:45,147,14.3,04:12,93,75,,1497.60,20.9,,
,00:05:46,146,14.3,04:12,93,75,,1501.10,20.8,,
,00:05:47,146,14.3,04:12,93,75,,1504.60,20.8,,
,00:05:48,147,14.3,04:12,93,75,,1508.20,20.8,,
,00:05:49,147,14.3,04:12,93,75,,1512.00,20.7,,
,00:05:50,147,14.4,04:10,93,75,,1516.10,20.8,,
,00:05:51,147,14.5,04:08,93,75,,1520.50,20.8,,
,00:05:52,147,14.5,04:08,93,75,,1525.20,20.7,,
,00:05:53,148,14.6,04:07,93,75,,1529.90,20.8,,
,00:05:54,148,14.7,04:05,93,75,,1534.60,20.8,,
,00:05:55,148,14.9,04:02,93,75,,1539.50,20.7,,
,00:05:56,148,15.1,03:58,93,75,,1544.50,20.7,,
,00:05:57,148,15.2,03:57,93,75,,1549.20,20.7,,
,00:05:58,149,15.4,03:54,92,75,,1553.80,20.7,,
,00:05:59,148,15.5,03:52,93,75,,1558.60,20.7,,
,00:06:00,149,15.6,03:51,93,75,,1563.00,20.8,,
,00:06:01,149,15.7,03:49,93,75,,1567.40,20.7,,
,00:06:02,149,15.8,03:48,93,75,,1571.90,20.7,,
,00:06:03,149,15.8,03:48,93,75,,1576.60,20.6,,
,00:06:04,149,15.8,03:48,93,75,,1581.00,20.6,,
,00:06:05,149,15.8,03:48,92,76,,1585.40,20.7,,
,00:06:06,149,15.8,03:48,93,76,,1589.70,20.6,,
,00:06:07,149,15.8,03:48,93,76,,1594.00,20.6,,
,00:06:08,149,15.8,03:48,93,76,,1598.40,20.6,,
,00:06:09,149,15.8,03:48,93,76,,1602.70,20.6,,
,00:06:10,149,15.8,03:48,93,76,,1607.10,20.6,,
,00:06:11,149,15.8,03:48,93,76,,1611.30,20.5,,
,00:06:12,149,15.8,03:48,93,76,,1615.50,20.5,,
,00:06:13,149,15.8,03:48,93,76,,1619.70,20.5,,
,00:06:14,148,15.8,03:48,93,76,,1624.30,20.6,,
,00:06:15,149,15.8,03:48,93,76,,1628.70,20.6,,
,00:06:16,149,15.8,03:48,93,76,,1633.00,20.5,,
,00:06:17,148,15.8,03:48,93,76,,1637.40,20.5,,
,00:06:18,148,15.8,03:48,93,76,,1641.80,20.3,,
,00:06:19,148,15.8,03:48,93,76,,1646.30,20.5,,
,00:06:20,147,15.8,03:48,92,76,,1650.90,20.6,,
,00:06:21,147,15.8,03:48,93,76,,1655.40,20.5,,
,00:06:22,147,15.8,03:48,93,76,,1660.00,20.5,,
,00:06:23,147,15.8,03:48,93,76,,1664.40,20.5,,
,00:06:24,147,15.8,03:48,93,76,,1668.70,20.6,,
,00:06:25,147,15.8,03:48,93,76,,1673.10,20.5,,
,00:06:26,148,15.8,03:48,93,76,,1677.50,20.5,,
,00:06:27,148,15.8,03:48,91,76,,1681.90,20.5,,
,00:06:28,148,15.8,03:48,93,76,,1686.40,20.5,,
,00:06:29,148,15.8,03:48,92,76,,1690.60,20.4,,
,00:06:30,148,15.8,03:48,93,76,,1694.90,20.5,,
,00:06:31,148,15.8,03:48,93,76,,1699.30,20.4,,
,00:06:32,148,15.8,03:48,93,76,,1703.50,20.4,,
,00:06:33,148,15.8,03:48,93,76,,1707.80,20.4,,
,00:06:34,149,15.7,03:49,93,76,,1712.00,20.4,,
,00:06:35,149,15.7,03:49,93,76,,1716.10,20.4,,
,00:06:36,149,15.7,03:49,93,76,,1720.20,20.4,,
,00:06:37,149,15.7,03:49,93,76,,1724.50,20.5,,
,00:06:38,149,15.7,03:49,93,76,,1728.80,20.4,,
,00:06:39,149,15.7,03:49,93,76,,1733.10,20.4,,
,00:06:40,148,15.7,03:49,93,76,,1737.30,20.4,,
,00:06:41,149,15.7,03:49,93,76,,1741.80,20.4,,
,00:06:42,149,15.6,03:51,93,76,,1746.00,20.4,,
,00:06:43,149,15.6,03:51,93,76,,1750.10,20.4,,
,00:06:44,149,15.5,03:52,93,76,,1754.10,20.4,,
,00:06:45,149,15.4,03:54,93,76,,1758.10,20.3,,
,00:06:46,149,15.3,03:55,93,76,,1761.80,20.3,,
,00:06:47,149,15.3,03:55,93,76,,1765.40,20.4,,
,00:06:48,149,15.2,03:57,93,76,,1769.20,20.4,,
,00:06:49,149,15.2,03:57,92,76,,1773.10,20.4,,
,00:06:50,149,15.1,03:58,92,76,,1776.80,20.4,,
,00:06:51,149,15.1,03:58,91,76,,1780.60,20.3,,
,00:06:52,149,15.1,03:58,93,76,,1784.60,20.4,,
,00:06:53,148,15.1,03:58,93,76,,1788.70,20.3,,
,00:06:54,149,15.1,03:58,93,76,,1793.00,20.3,,
,00:06:55,148,15.2,03:57,93,76,,1797.50,20.3,,
,00:06:56,148,15.3,03:55,93,76,,1801.90,20.3,,
,00:06:57,148,15.3,03:55,92,76,,1806.40,20.3,,
,00:06:58,148,15.4,03:54,92,76,,1810.90,20.3,,
,00:06:59,149,15.4,03:54,93,76,,1815.50,20.3,,
,00:07:00,148,15.4,03:54,92,76,,1819.70,20.3,,
,00:07:01,148,15.3,03:55,92,76,,1824.10,20.2,,
,00:07:02,148,15.3,03:55,93,76,,1828.50,20.3,,
,00:07:03,147,15.3,03:55,93,76,,1832.90,20.3,,
,00:07:04,147,15.3,03:55,93,76,,1837.00,20.3,,
,00:07:05,147,15.4,03:54,93,76,,1841.10,20.3,,
,00:07:06,147,15.4,03:54,93,76,,1845.50,20.2,,
,00:07:07,147,15.5,03:52,93,76,,1849.80,20.3,,
,00:07:08,147,15.5,03:52,93,76,,1854.40,20.2,,
,00:07:09,147,15.4,03:54,93,76,,1858.70,20.2,,
,00:07:10,148,15.4,03:54,93,76,,1862.70,20.3,,
,00:07:11,148,15.3,03:55,93,76,,1866.60,20.2,,
,00:07:12,148,15.2,03:57,93,76,,1870.40,20.2,,
,00:07:13,148,15.2,03:57,93,76,,1874.30,20.2,,
,00:07:14,149,15.2,03:57,93,76,,1878.50,20.2,,
,00:07:15,149,15.3,03:55,93,76,,1882.50,20.1,,
,00:07:16,149,15.3,03:55,93,76,,1886.80,20.1,,
,00:07:17,149,15.3,03:55,93,76,,1891.00,20.1,,
,00:07:18,149,15.3,03:55,93,76,,1895.30,20.1,,
,00:07:19,149,15.3,03:55,93,76,,1899.70,20.1,,
,00:07:20,149,15.3,03:55,93,76,,1904.10,20.2,,
,00:07:21,149,15.2,03:57,93,76,,1908.60,20.1,,
,00:07:22,149,15.2,03:57,93,76,,1912.80,20.0,,
,00:07:23,149,15.2,03:57,93,76,,1916.80,20.1,,
,00:07:24,149,15.2,03:57,93,76,,1920.70,20.1,,
,00:07:25,149,15.2,03:57,93,76,,1924.60,20.2,,
,00:07:26,150,15.2,03:57,93,76,,1928.70,20.1,,
,00:07:27,150,15.1,03:58,93,76,,1932.80,20.0,,
,00:07:28,149,15.1,03:58,93,76,,1936.80,20.1,,
,00:07:29,150,15.1,03:58,93,77,,1940.90,20.0,,
,00:07:30,150,15.1,03:58,92,77,,1944.90,20.0,,
,00:07:31,150,15.1,03:58,91,77,,1949.20,20.0,,
,00:07:32,150,15.1,03:58,92,77,,1953.50,20.0,,
,00:07:33,149,15.1,03:58,91,77,,1957.90,20.0,,
,00:07:34,149,15.1,03:58,93,77,,1962.10,20.0,,
,00:07:35,149,15.1,03:58,93,77,,1966.20,20.0,,
,00:07:36,149,15.1,03:58,93,77,,1970.40,20.0,,
,00:07:37,148,15.1,03:58,93,77,,1974.90,19.9,,
,00:07:38,148,15.1,03:58,93,77,,1979.20,19.9,,
,00:07:39,148,15.1,03:58,93,77,,1983.50,19.9,,
,00:07:40,148,15.1,03:58,93,77,,1987.70,20.0,,
,00:07:41,148,15.1,03:58,92,77,,1991.50,19.9,,
,00:07:42,148,15.2,03:57,91,77,,1995.80,19.9,,
,00:07:43,76,0.0,00:00,0,76,,1997.90,20.4,,
,00:07:44,76,1.3,46:09,0,76,,1997.90,20.3,,
,00:07:45,76,2.6,23:05,0,76,,1997.90,20.4,,
,00:07:46,76,4.0,15:00,0,76,,1998.00,20.4,,
,00:07:47,76,5.8,10:21,25,76,,1998.10,20.4,,
,00:07:48,83,7.1,08:27,59,76,,1998.10,20.4,,
,00:07:49,92,9.0,06:40,87,76,,1998.20,20.4,,
,00:07:50,99,10.9,05:30,94,76,,2002.70,20.4,,
,00:07:51,105,12.7,04:43,95,76,,2007.70,20.5,,
,00:07:52,110,14.1,04:15,94,76,,2013.60,20.4,,
,00:07:53,115,15.4,03:54,94,76,,2019.68,20.5,,
,00:07:54,117,16.6,03:37,94,76,,2025.77,20.4,,
,00:07:55,119,17.4,03:27,95,76,,2031.85,20.4,,
,00:07:56,121,17.9,03:21,94,76,,2037.93,20.5,,
,00:07:57,122,17.9,03:21,94,76,,2044.02,20.5,,
,00:07:58,124,17.9,03:21,94,76,,2050.10,20.4,,
,00:07:59,125,17.9,03:21,94,76,,2056.18,20.4,,
,00:08:00,127,17.8,03:22,94,76,,2062.27,20.3,,
,00:08:01,128,17.8,03:22,94,76,,2068.35,20.4,,
,00:08:02,129,17.7,03:23,94,76,,2074.43,20.4,,
,00:08:03,129,17.6,03:25,94,76,,2080.52,20.3,,
,00:08:04,130,17.5,03:26,94,76,,2086.60,20.3,,
,00:08:05,131,17.3,03:28,94,76,,2091.50,20.4,,
,00:08:06,132,17.2,03:29,94,76,,2096.20,20.2,,
,00:08:07,133,17.0,03:32,94,76,,2100.70,20.3,,
,00:08:08,133,16.8,03:34,94,76,,2105.20,20.3,,
,00:08:09,134,16.9,03:33,94,76,,2109.50,20.3,,
,00:08:10,135,16.9,03:33,94,76,,2114.00,20.3,,
,00:08:11,135,16.9,03:33,94,76,,2118.60,20.1,,
,00:08:12,136,16.9,03:33,94,76,,2123.30,20.4,,
,00:08:13,137,16.9,03:33,94,76,,2128.00,20.2,,
,00:08:14,137,16.9,03:33,94,76,,2132.60,20.3,,
,00:08:15,137,16.9,03:33,94,76,,2137.10,20.2,,
,00:08:16,138,16.9,03:33,94,76,,2141.60,20.3,,
,00:08:17,138,16.8,03:34,94,76,,2146.20,20.2,,
,00:08:18,138,16.7,03:36,94,76,,2150.50,20.3,,
,00:08:19,138,16.6,03:37,94,76,,2154.80,20.2,,
,00:08:20,139,16.6,03:37,94,74,,2159.00,20.2,,
,00:08:21,139,16.5,03:38,94,74,,2163.40,20.1,,
,00:08:22,140,16.5,03:38,94,74,,2167.60,20.1,,
,00:08:23,140,16.5,03:38,94,74,,2172.00,20.1,,
,00:08:24,140,16.5,03:38,94,74,,2176.40,20.1,,
,00:08:25,140,16.5,03:38,94,74,,2181.00,20.1,,
,00:08:26,140,16.5,03:38,94,74,,2185.60,20.1,,
,00:08:27,140,16.5,03:38,94,74,,2190.10,20.1,,
,00:08:28,140,16.5,03:38,94,74,,2194.90,20.0,,
,00:08:29,141,16.5,03:38,94,74,,2199.50,20.2,,
,00:08:30,141,16.4,03:40,94,73,,2204.00,20.1,,
,00:08:31,141,16.4,03:40,94,73,,2208.60,20.1,,
,00:08:32,141,16.4,03:40,94,73,,2213.00,20.0,,
,00:08:33,141,16.4,03:40,94,73,,2217.40,20.1,,
,00:08:34,141,16.4,03:40,94,73,,2221.50,20.0,,
,00:08:35,141,16.4,03:40,94,73,,2226.10,20.0,,
,00:08:36,141,16.3,03:41,94,73,,2230.50,20.0,,
,00:08:37,141,16.3,03:41,94,73,,2235.00,20.0,,
,00:08:38,141,16.3,03:41,94,72,,2239.30,20.0,,
,00:08:39,141,16.3,03:41,94,72,,2243.90,20.0,,
,00:08:40,141,16.3,03:41,94,72,,2248.20,20.0,,
,00:08:41,141,16.3,03:41,94,72,,2252.80,19.9,,
,00:08:42,142,16.3,03:41,94,72,,2257.30,20.0,,
,00:08:43,141,16.3,03:41,94,72,,2261.80,20.0,,
,00:08:44,142,16.3,03:41,94,72,,2266.40,20.0,,
,00:08:45,142,16.2,03:42,94,72,,2270.80,20.0,,
,00:08:46,142,16.2,03:42,94,72,,2275.10,19.9,,
,00:08:47,142,16.2,03:42,94,72,,2279.40,20.0,,
,00:08:48,142,16.1,03:44,94,72,,2283.20,19.9,,
,00:08:49,142,16.0,03:45,91,72,,2287.20,19.9,,
,00:08:50,143,15.8,03:48,91,72,,2290.90,19.9,,
,00:08:51,142,15.7,03:49,92,72,,2294.80,19.9,,
,00:08:52,142,15.7,03:49,93,72,,2299.00,19.9,,
,00:08:53,143,15.6,03:51,93,72,,2303.10,19.9,,
,00:08:54,142,15.6,03:51,93,72,,2307.20,19.9,,
,00:08:55,142,15.6,03:51,93,72,,2311.70,19.9,,
,00:08:56,142,15.7,03:49,93,71,,2316.00,19.9,,
,00:08:57,142,15.7,03:49,93,71,,2320.50,19.9,,
,00:08:58,142,15.7,03:49,93,71,,2325.00,19.9,,
,00:08:59,141,15.6,03:51,93,71,,2329.50,19.9,,
,00:09:00,141,15.7,03:49,93,71,,2334.10,19.8,,
,00:09:01,141,15.7,03:49,93,71,,2338.60,19.8,,
,00:09:02,142,15.7,03:49,93,70,,2342.90,19.8,,
,00:09:03,142,15.7,03:49,93,70,,2347.30,19.9,,
,00:09:04,142,15.7,03:49,93,70,,2351.40,19.9,,
,00:09:05,142,15.7,03:49,93,70,,2356.10,19.8,,
,00:09:06,143,15.7,03:49,93,70,,2360.30,19.8,,
,00:09:07,142,15.7,03:49,93,70,,2364.70,19.8,,
,00:09:08,142,15.7,03:49,93,69,,2369.00,19.8,,
,00:09:09,142,15.7,03:49,93,69,,2373.40,19.7,,
,00:09:10,142,15.7,03:49,93,69,,2377.50,19.8,,
,00:09:11,142,15.6,03:51,92,69,,2381.70,19.8,,
,00:09:12,142,15.6,03:51,91,68,,2386.00,19.7,,
,00:09:13,142,15.6,03:51,92,68,,2390.20,19.8,,
,00:09:14,142,15.6,03:51,93,68,,2394.30,19.7,,
,00:09:15,141,15.6,03:51,93,68,,2398.70,19.8,,
,00:09:16,141,15.6,03:51,93,68,,2403.00,19.7,,
,00:09:17,141,15.6,03:51,93,68,,2407.40,19.6,,
,00:09:18,141,15.6,03:51,93,68,,2411.60,19.6,,
,00:09:19,141,15.6,03:51,93,68,,2416.00,19.7,,
,00:09:20,141,15.6,03:51,93,67,,2420.20,19.7,,
,00:09:21,141,15.6,03:51,93,67,,2424.70,19.7,,
,00:09:22,141,15.6,03:51,93,67,,2429.30,19.8,,
,00:09:23,141,15.6,03:51,93,67,,2433.90,19.7,,
,00:09:24,141,15.7,03:49,93,66,,2438.30,19.7,,
,00:09:25,141,15.7,03:49,92,66,,2442.70,19.7,,
,00:09:26,140,15.7,03:49,91,66,,2446.80,19.6,,
,00:09:27,140,15.6,03:51,93,66,,2451.20,19.6,,
,00:09:28,140,15.6,03:51,93,66,,2455.30,19.7,,
,00:09:29,140,15.6,03:51,93,66,,2459.70,19.6,,
,00:09:30,139,15.5,03:52,93,65,,2463.80,19.6,,
,00:09:31,138,15.5,03:52,93,65,,2467.80,19.6,,
,00:09:32,138,15.6,03:51,93,65,,2472.00,19.6,,
,00:09:33,137,15.6,03:51,93,65,,2476.50,19.6,,
,00:09:34,137,15.6,03:51,93,64,,2481.10,19.6,,
,00:09:35,136,15.7,03:49,93,64,,2486.00,19.6,,
,00:09:36,136,15.7,03:49,93,64,,2490.70,19.5,,
,00:09:37,136,15.8,03:48,93,64,,2495.50,19.6,,
,00:09:38,135,15.9,03:46,93,63,,2500.20,19.5,,
,00:09:39,135,15.9,03:46,93,63,,2505.00,19.5,,
,00:09:40,135,16.0,03:45,93,62,,2509.70,19.5,,
,00:09:41,135,16.0,03:45,93,62,,2514.30,19.5,,
,00:09:42,134,16.1,03:44,93,62,,2518.80,19.5,,
,00:09:43,134,16.1,03:44,93,62,,2523.20,19.5,,
,00:09:44,134,16.2,03:42,93,61,,2528.00,19.5,,
,00:09:45,134,16.2,03:42,93,61,,2532.50,19.5,,
,00:09:46,133,16.3,03:41,93,61,,2537.30,19.5,,
,00:09:47,133,16.3,03:41,93,61,,2541.90,19.5,,
,00:09:48,133,16.3,03:41,93,60,,2546.20,19.5,,
,00:09:49,133,16.2,03:42,92,60,,2550.70,19.5,,
,00:09:50,132,16.0,03:45,91,60,,2554.80,19.4,,
,00:09:51,132,15.8,03:48,91,60,,2558.60,19.5,,
,00:09:52,132,15.6,03:51,92,60,,2562.30,19.5,,
,00:09:53,131,15.4,03:54,93,60,,2566.20,19.5,,
,00:09:54,131,15.3,03:55,93,60,,2570.00,19.5,,
,00:09:55,132,15.4,03:54,93,60,,2574.10,19.5,,
,00:09:56,132,15.5,03:52,93,60,,2578.40,19.5,,
,00:09:57,133,15.7,03:49,93,60,,2582.90,19.5,,
,00:09:58,134,15.8,03:48,93,60,,2587.30,19.4,,
,00:09:59,135,15.9,03:46,93,60,,2592.00,19.4,,
,00:10:00,136,16.0,03:45,93,60,,2597.10,19.3,,
,00:10:01,137,16.0,03:45,93,60,,2601.90,19.5,,
,00:10:02,137,16.0,03:45,93,60,,2606.70,19.4,,
,00:10:03,138,16.0,03:45,93,60,,2611.10,19.5,,
,00:10:04,139,15.9,03:46,93,60,,2615.40,19.4,,
,00:10:05,139,15.9,03:46,93,60,,2619.50,19.4,,
,00:10:06,140,15.9,03:46,95,60,,2623.60,19.5,,
,00:10:07,140,15.8,03:48,96,60,,2627.70,19.4,,
,00:10:08,141,15.8,03:48,94,60,,2632.00,19.4,,
,00:10:09,141,15.7,03:49,94,60,,2636.10,19.5,,
,00:10:10,141,15.7,03:49,94,60,,2640.20,19.4,,
,00:10:11,142,15.6,03:51,94,60,,2644.40,19.4,,
,00:10:12,142,15.5,03:52,91,60,,2648.50,19.4,,
,00:10:13,143,15.4,03:54,92,60,,2652.70,19.4,,
,00:10:14,143,15.3,03:55,93,60,,2656.80,19.5,,
,00:10:15,144,15.2,03:57,93,60,,2660.70,19.4,,
,00:10:16,144,15.1,03:58,93,60,,2664.50,19.3,,
,00:10:17,144,15.0,04:00,93,60,,2668.50,19.4,,
,00:10:18,145,15.0,04:00,93,60,,2672.40,19.3,,
,00:10:19,145,14.9,04:02,93,60,,2676.30,19.3,,
,00:10:20,145,14.9,04:02,93,59,,2680.30,19.4,,
,00:10:21,146,14.9,04:02,93,59,,2684.40,19.4,,
,00:10:22,145,14.9,04:02,93,59,,2688.40,19.4,,
,00:10:23,146,14.9,04:02,91,59,,2692.60,19.4,,
,00:10:24,146,15.0,04:00,91,59,,2696.90,19.4,,
,00:10:25,146,15.0,04:00,91,59,,2701.40,19.4,,
,00:10:26,146,15.1,03:58,92,59,,2705.90,19.4,,
,00:10:27,146,15.2,03:57,93,59,,2710.40,19.3,,
,00:10:28,146,15.4,03:54,93,59,,2715.10,19.3,,
,00:10:29,146,15.6,03:51,93,59,,2720.00,19.0,,
,00:10:30,146,16.0,03:45,93,59,,2724.90,19.3,,
,00:10:31,146,16.4,03:40,93,59,,2730.00,19.3,,
,00:10:32,146,16.6,03:37,92,59,,2734.90,19.3,,
,00:10:33,146,16.7,03:36,91,59,,2739.60,19.3,,
,00:10:34,146,16.7,03:36,91,59,,2744.30,19.3,,
,00:10:35,146,16.6,03:37,91,59,,2749.10,19.2,,
,00:10:36,145,16.5,03:38,91,59,,2753.40,19.3,,
,00:10:37,145,16.3,03:41,91,59,,2757.60,19.3,,
,00:10:38,145,16.2,03:42,91,59,,2761.80,19.1,,
,00:10:39,145,16.0,03:45,91,59,,2765.70,19.2,,
,00:10:40,145,15.9,03:46,91,59,,2769.80,19.1,,
,00:10:41,145,15.8,03:48,91,59,,2773.70,19.1,,
,00:10:42,145,15.7,03:49,92,59,,2777.50,19.1,,
,00:10:43,145,15.6,03:51,93,59,,2781.50,19.1,,
,00:10:44,145,15.6,03:51,93,59,,2785.60,19.1,,
,00:10:45,145,15.3,03:55,93,59,,2789.80,19.1,,
,00:10:46,145,15.2,03:57,93,59,,2793.80,19.1,,
,00:10:47,145,15.0,04:00,93,59,,2797.90,19.1,,
,00:10:48,145,14.8,04:03,93,59,,2801.70,19.1,,
,00:10:49,145,14.7,04:05,93,59,,2805.60,19.1,,
,00:10:50,145,14.7,04:05,93,59,,2809.60,19.0,,
,00:10:51,145,14.7,04:05,93,59,,2813.90,19.1,,
,00:10:52,146,14.8,04:03,93,59,,2818.00,19.0,,
,00:10:53,146,14.8,04:03,93,59,,2822.20,19.0,,
,00:10:54,146,14.9,04:02,93,59,,2826.50,19.0,,
,00:10:55,146,15.0,04:00,93,59,,2830.90,19.0,,
,00:10:56,146,15.1,03:58,93,59,,2835.20,19.1,,
,00:10:57,146,15.1,03:58,93,59,,2839.80,19.0,,
,00:10:58,146,15.1,03:58,93,59,,2844.20,19.0,,
,00:10:59,147,15.1,03:58,93,59,,2848.40,19.0,,
,00:11:00,147,15.1,03:58,92,59,,2852.60,19.0,,
,00:11:01,147,15.1,03:58,92,59,,2856.80,19.0,,
,00:11:02,147,15.1,03:58,93,59,,2861.30,19.0,,
,00:11:03,147,15.2,03:57,93,59,,2865.50,19.0,,
,00:11:04,147,15.2,03:57,92,60,,2869.60,19.0,,
,00:11:05,147,15.2,03:57,92,60,,2873.80,18.9,,
,00:11:06,147,15.2,03:57,92,60,,2878.00,19.0,,
,00:11:07,147,15.2,03:57,93,60,,2882.20,18.9,,
,00:11:08,147,15.2,03:57,93,60,,2886.50,19.0,,
,00:11:09,148,15.1,03:58,93,60,,2890.60,18.9,,
,00:11:10,148,15.1,03:58,93,60,,2894.70,19.0,,
,00:11:11,148,15.1,03:58,93,60,,2898.40,18.9,,
,00:11:12,148,15.1,03:58,92,60,,2902.40,18.9,,
,00:11:13,148,15.0,04:00,92,60,,2906.40,18.9,,
,00:11:14,149,15.0,04:00,91,60,,2910.30,18.9,,
,00:11:15,148,14.9,04:02,91,60,,2914.30,18.9,,
,00:11:16,148,14.9,04:02,91,60,,2918.30,18.9,,
,00:11:17,148,14.7,04:05,91,60,,2922.40,18.9,,
,00:11:18,148,14.8,04:03,91,60,,2926.40,18.9,,
,00:11:19,148,14.8,04:03,91,60,,2930.70,18.9,,
,00:11:20,148,14.8,04:03,91,60,,2934.90,18.7,,
,00:11:21,148,14.9,04:02,91,60,,2939.10,18.8,,
,00:11:22,112,0.0,00:00,0,58,,2944.80,18.6,,
,00:11:23,110,0.0,00:00,0,58,,2944.80,18.7,,
,00:11:24,109,1.4,42:51,0,58,,2944.80,18.7,,
,00:11:25,109,3.2,18:45,0,58,,2945.10,18.7,,
,00:11:26,111,5.7,10:32,38,58,,2945.50,18.7,,
,00:11:27,114,8.6,06:59,64,58,,2946.20,18.8,,
,00:11:28,117,10.4,05:46,86,58,,2946.90,18.8,,
,00:11:29,119,12.2,04:55,92,58,,2947.40,18.8,,
,00:11:30,121,13.8,04:21,93,58,,2950.30,18.8,,
,00:11:31,123,15.0,04:00,93,58,,2955.80,18.8,,
,00:11:32,124,15.9,03:46,93,58,,2961.88,18.9,,
,00:11:33,125,16.5,03:38,93,58,,2967.97,18.8,,
,00:11:34,125,17.0,03:32,93,58,,2974.05,18.8,,
,00:11:35,126,17.1,03:31,93,58,,2980.13,18.9,,
,00:11:36,125,17.3,03:28,93,58,,2986.22,18.8,,
,00:11:37,125,17.3,03:28,93,58,,2992.30,18.9,,
,00:11:38,125,17.0,03:32,93,58,,2998.38,18.8,,
,00:11:39,125,17.0,03:32,93,58,,3004.47,18.8,,
,00:11:40,125,16.8,03:34,93,58,,3010.55,18.8,,
,00:11:41,125,16.6,03:37,93,58,,3016.00,18.9,,
,00:11:42,126,16.4,03:40,92,58,,3020.60,18.9,,
,00:11:43,127,16.1,03:44,91,58,,3024.90,18.8,,
,00:11:44,127,15.7,03:49,91,58,,3028.90,18.9,,
,00:11:45,127,15.4,03:54,92,57,,3032.50,18.9,,
,00:11:46,127,15.1,03:58,93,57,,3036.10,18.8,,
,00:11:47,127,15.0,04:00,93,57,,3039.80,18.8,,
,00:11:48,127,15.0,04:00,93,57,,3043.70,18.8,,
,00:11:49,128,15.1,03:58,93,57,,3047.50,18.9,,
,00:11:50,128,15.2,03:57,93,57,,3051.50,18.8,,
,00:11:51,128,15.3,03:55,93,56,,3055.70,18.8,,
,00:11:52,129,15.4,03:54,93,56,,3060.10,18.8,,
,00:11:53,130,15.5,03:52,93,56,,3064.50,18.8,,
,00:11:54,131,15.6,03:51,93,56,,3069.10,18.8,,
,00:11:55,131,15.7,03:49,93,56,,3074.10,18.8,,
,00:11:56,132,15.9,03:46,93,56,,3078.80,18.8,,
,00:11:57,132,16.1,03:44,93,55,,3083.50,18.8,,
,00:11:58,133,16.2,03:42,93,55,,3088.50,18.8,,
,00:11:59,134,16.4,03:40,93,55,,3093.40,18.8,,
,00:12:00,134,16.6,03:37,93,55,,3098.30,18.8,,
,00:12:01,135,16.7,03:36,93,55,,3103.30,18.8,,
,00:12:02,135,16.7,03:36,93,55,,3108.10,18.8,,
,00:12:03,136,16.7,03:36,93,55,,3112.80,18.8,,
,00:12:04,137,16.6,03:37,93,55,,3117.70,18.8,,
,00:12:05,137,16.6,03:37,93,55,,3122.00,18.6,,
,00:12:06,138,16.5,03:38,93,55,,3126.50,18.7,,
,00:12:07,139,16.4,03:40,93,55,,3130.80,18.8,,
,00:12:08,139,16.3,03:41,93,55,,3134.90,18.8,,
,00:12:09,139,16.3,03:41,93,55,,3139.20,18.8,,
,00:12:10,140,16.3,03:41,93,55,,3143.50,18.8,,
,00:12:11,140,16.2,03:42,93,55,,3147.90,18.6,,
,00:12:12,141,16.0,03:45,93,55,,3151.90,18.6,,
,00:12:13,141,15.8,03:48,93,55,,3155.90,18.6,,
,00:12:14,141,15.5,03:52,93,55,,3159.80,18.8,,
,00:12:15,141,15.2,03:57,93,55,,3163.70,18.6,,
,00:12:16,141,15.0,04:00,93,55,,3167.70,18.6,,
,00:12:17,141,14.9,04:02,93,55,,3171.60,18.6,,
,00:12:18,141,14.9,04:02,93,55,,3175.70,18.6,,
,00:12:19,141,14.9,04:02,93,55,,3179.70,18.6,,
,00:12:20,141,15.0,04:00,93,55,,3183.60,18.6,,
,00:12:21,142,15.0,04:00,93,55,,3187.60,18.5,,
,00:12:22,142,15.1,03:58,93,55,,3192.00,18.5,,
,00:12:23,142,15.2,03:57,93,55,,3196.60,18.5,,
,00:12:24,142,15.3,03:55,93,55,,3201.20,18.6,,
,00:12:25,143,15.4,03:54,93,55,,3205.60,18.4,,
,00:12:26,143,15.4,03:54,93,55,,3210.40,18.5,,
,00:12:27,143,15.4,03:54,92,55,,3214.60,18.5,,
,00:12:28,144,15.4,03:54,93,55,,3219.00,18.4,,
,00:12:29,144,15.3,03:55,93,56,,3223.30,18.5,,
,00:12:30,144,15.3,03:55,92,56,,3227.80,18.4,,
,00:12:31,145,15.2,03:57,93,56,,3231.90,18.5,,
,00:12:32,145,15.1,03:58,93,56,,3235.80,18.4,,
,00:12:33,145,15.0,04:00,93,56,,3239.70,18.5,,
,00:12:34,146,15.0,04:00,93,56,,3243.40,18.4,,
,00:12:35,146,14.9,04:02,91,56,,3247.20,18.4,,
,00:12:36,147,14.9,04:02,92,56,,3251.30,18.4,,
,00:12:37,147,14.9,04:02,93,56,,3255.40,18.3,,
,00:12:38,147,14.9,04:02,93,56,,3259.40,18.4,,
,00:12:39,148,14.7,04:05,93,56,,3263.20,18.4,,
,00:12:40,148,14.6,04:07,93,56,,3267.10,18.4,,
,00:12:41,148,14.4,04:10,93,58,,3271.00,18.4,,
,00:12:42,148,14.3,04:12,93,58,,3275.00,18.3,,
,00:12:43,148,14.2,04:14,92,58,,3278.80,18.3,,
,00:12:44,149,14.2,04:14,91,58,,3282.60,18.3,,
,00:12:45,149,14.1,04:15,91,58,,3286.40,18.3,,
,00:12:46,150,14.1,04:15,91,58,,3290.20,18.3,,
,00:12:47,150,14.1,04:15,93,58,,3293.90,18.3,,
,00:12:48,150,14.2,04:14,93,58,,3298.00,18.3,,
,00:12:49,150,14.2,04:14,93,58,,3302.00,18.3,,
,00:12:50,150,14.3,04:12,92,58,,3306.10,18.2,,
,00:12:51,150,14.3,04:12,91,58,,3310.10,18.3,,
,00:12:52,150,14.4,04:10,91,58,,3314.20,18.2,,
,00:12:53,151,14.4,04:10,91,58,,3318.30,18.2,,
,00:12:54,151,14.3,04:12,91,58,,3322.60,18.3,,
,00:12:55,151,14.3,04:12,91,58,,3326.40,18.2,,
,00:12:56,151,14.2,04:14,91,58,,3330.20,18.3,,
,00:12:57,151,14.1,04:15,92,58,,3333.80,18.1,,
,00:12:58,150,14.1,04:15,92,58,,3337.30,18.1,,
,00:12:59,150,14.1,04:15,91,58,,3341.10,18.2,,
,00:13:00,150,14.1,04:15,91,58,,3345.00,18.1,,
,00:13:01,150,14.2,04:14,91,58,,3348.90,18.1,,
,00:13:02,149,14.3,04:12,91,58,,3353.20,18.1,,
,00:13:03,149,14.4,04:10,91,58,,3357.70,18.1,,
,00:13:04,149,14.6,04:07,91,58,,3362.80,18.1,,
,00:13:05,149,14.7,04:05,91,56,,3367.70,18.0,,
,00:13:06,148,14.7,04:05,91,56,,3372.70,18.0,,
,00:13:07,148,14.8,04:03,91,56,,3377.60,18.0,,
,00:13:08,148,14.8,04:03,91,56,,3382.10,18.1,,
,00:13:09,148,14.7,04:05,91,56,,3386.20,18.0,,
,00:13:10,147,14.5,04:08,91,56,,3390.20,18.1,,
,00:13:11,147,14.4,04:10,93,56,,3394.00,18.1,,
,00:13:12,147,14.3,04:12,93,56,,3397.40,18.1,,
,00:13:13,147,14.3,04:12,93,56,,3400.80,18.0,,
,00:13:14,147,14.3,04:12,93,56,,3404.00,18.0,,
,00:13:15,146,14.4,04:10,93,56,,3407.40,18.0,,
,00:13:16,146,14.5,04:08,93,56,,3411.30,18.1,,
,00:13:17,146,14.6,04:07,93,56,,3415.70,18.1,,
,00:13:18,146,14.7,04:05,93,56,,3419.80,18.0,,
,00:13:19,146,14.8,04:03,93,56,,3424.10,18.0,,
,00:13:20,146,14.8,04:03,93,56,,3428.20,18.0,,
,00:13:21,145,14.8,04:03,93,56,,3432.50,18.0,,
,00:13:22,145,14.9,04:02,92,56,,3437.30,17.9,,
,00:13:23,145,15.1,03:58,91,56,,3442.10,18.0,,
,00:13:24,145,15.3,03:55,91,56,,3446.60,18.0,,
,00:13:25,145,15.7,03:49,91,56,,3451.00,17.9,,
,00:13:26,145,16.2,03:42,92,56,,3455.90,18.0,,
,00:13:27,145,16.7,03:36,91,56,,3461.30,17.9,,
,00:13:28,145,18.5,03:15,91,56,,3467.00,18.0,,
,00:13:29,145,19.1,03:08,91,56,,3473.08,17.9,,
,00:13:30,145,19.3,03:07,92,56,,3479.17,17.8,,
,00:13:31,145,19.1,03:08,93,56,,3485.10,17.9,,
,00:13:32,144,18.8,03:11,93,56,,3491.18,17.8,,
,00:13:33,144,18.4,03:16,93,56,,3496.90,17.8,,
,00:13:34,144,18.0,03:20,93,56,,3501.90,17.8,,
,00:13:35,144,17.5,03:26,92,56,,3506.60,17.8,,
,00:13:36,144,16.9,03:33,92,56,,3511.00,17.8,,
,00:13:37,144,16.4,03:40,93,55,,3515.20,17.8,,
,00:13:38,144,15.9,03:46,93,55,,3518.90,17.7,,
,00:13:39,144,15.4,03:54,92,55,,3522.60,17.9,,
,00:13:40,144,14.7,04:05,92,55,,3526.20,17.7,,
,00:13:41,143,13.9,04:19,93,55,,3529.60,17.8,,
,00:13:42,143,13.1,04:35,93,55,,3532.60,17.7,,
,00:13:43,143,12.3,04:53,93,55,,3535.30,17.6,,
,00:13:44,143,11.7,05:08,93,55,,3537.60,17.7,,
,00:13:45,143,11.8,05:05,93,55,,3539.60,17.8,,
,00:13:46,144,12.1,04:58,93,55,,3542.30,17.7,,
,00:13:47,143,12.4,04:50,93,55,,3545.50,17.7,,
,00:13:48,143,12.8,04:41,93,55,,3549.00,17.7,,
,00:13:49,143,13.1,04:35,92,55,,3552.60,17.7,,
,00:13:50,143,15.1,03:58,91,55,,3556.50,17.6,,
,00:13:51,144,15.6,03:51,91,55,,3561.60,17.6,,
,00:13:52,144,15.9,03:46,91,55,,3566.80,17.6,,
,00:13:53,144,16.0,03:45,91,55,,3572.20,17.7,,
,00:13:54,144,16.0,03:45,93,55,,3577.40,17.6,,
,00:13:55,145,16.0,03:45,92,55,,3582.30,17.6,,
,00:13:56,145,15.9,03:46,91,55,,3587.00,17.6,,
,00:13:57,145,15.8,03:48,91,55,,3591.30,17.6,,
,00:13:58,145,15.7,03:49,92,55,,3595.70,17.6,,
,00:13:59,145,15.6,03:51,91,55,,3599.80,17.6,,
,00:14:00,145,15.4,03:54,93,55,,3603.90,17.6,,
,00:14:01,145,15.3,03:55,93,55,,3607.70,17.6,,
,00:14:02,144,15.2,03:57,93,55,,3611.40,17.6,,
,00:14:03,145,15.1,03:58,92,55,,3615.10,17.5,,
,00:14:04,144,15.1,03:58,91,55,,3619.00,17.6,,
,00:14:05,144,14.9,04:02,93,55,,3622.80,17.5,,
,00:14:06,144,14.8,04:03,92,55,,3626.60,17.5,,
,00:14:07,144,14.7,04:05,92,55,,3630.30,17.5,,
,00:14:08,144,14.5,04:08,92,55,,3634.20,17.5,,
,00:14:09,144,14.4,04:10,91,55,,3637.70,17.6,,
,00:14:10,144,14.3,04:12,91,55,,3641.40,17.4,,
,00:14:11,143,14.2,04:14,91,56,,3645.20,17.5,,
,00:14:12,143,14.2,04:14,91,56,,3648.80,17.4,,
,00:14:13,143,14.3,04:12,91,56,,3652.80,17.5,,
,00:14:14,143,14.4,04:10,91,56,,3657.00,17.5,,
,00:14:15,143,14.6,04:07,91,56,,3661.30,17.4,,
,00:14:16,143,14.7,04:05,91,56,,3665.90,17.5,,
,00:14:17,143,14.8,04:03,91,56,,3670.50,17.4,,
,00:14:18,143,14.9,04:02,93,56,,3675.50,17.4,,
,00:14:19,142,15.1,03:58,92,56,,3680.60,17.4,,
,00:14:20,142,15.2,03:57,92,56,,3685.50,17.4,,
,00:14:21,142,15.2,03:57,91,56,,3690.40,17.4,,
,00:14:22,142,15.1,03:58,93,56,,3694.70,17.5,,
,00:14:23,142,14.9,04:02,92,56,,3698.50,17.4,,
,00:14:24,142,14.6,04:07,93,56,,3702.10,17.4,,
,00:14:25,142,13.0,04:37,93,56,,3705.50,17.4,,
,00:14:26,142,12.9,04:39,93,56,,3708.30,17.3,,
,00:14:27,142,12.9,04:39,92,56,,3711.40,17.3,,
,00:14:28,143,13.1,04:35,91,56,,3714.40,17.3,,
,00:14:29,143,13.4,04:29,91,56,,3717.80,17.4,,
,00:14:30,143,13.7,04:23,92,56,,3721.40,17.4,,
,00:14:31,143,13.9,04:19,92,56,,3725.10,17.4,,
,00:14:32,144,14.2,04:14,92,56,,3729.30,17.4,,
,00:14:33,144,14.4,04:10,91,56,,3733.60,17.3,,
,00:14:34,144,14.6,04:07,91,56,,3738.20,17.3,,
,00:14:35,145,14.7,04:05,91,56,,3742.70,17.3,,
,00:14:36,145,14.8,04:03,91,56,,3747.20,17.4,,
,00:14:37,145,14.9,04:02,91,56,,3751.80,17.2,,
,00:14:38,145,15.1,03:58,91,56,,3756.20,17.3,,
,00:14:39,145,15.3,03:55,91,56,,3760.80,17.3,,
,00:14:40,145,15.4,03:54,92,56,,3765.50,17.3,,
,00:14:41,146,15.3,03:55,91,56,,3769.80,17.2,,
,00:14:42,145,15.3,03:55,92,56,,3774.10,17.3,,
,00:14:43,145,15.2,03:57,92,56,,3778.10,17.2,,
,00:14:44,146,15.2,03:57,91,56,,3782.20,17.1,,
,00:14:45,145,15.1,03:58,91,56,,3786.40,17.3,,
,00:14:46,145,15.1,03:58,91,56,,3790.50,17.3,,
,00:14:47,145,15.1,03:58,92,56,,3794.50,17.2,,
,00:14:48,145,15.1,03:58,93,56,,3798.50,17.1,,
,00:14:49,145,15.1,03:58,93,56,,3802.50,17.0,,
,00:14:50,145,15.0,04:00,93,56,,3806.70,17.1,,
,00:14:51,145,15.0,04:00,92,56,,3810.70,17.1,,
,00:14:52,145,14.9,04:02,92,56,,3814.90,17.1,,
,00:14:53,145,14.9,04:02,93,56,,3818.70,17.0,,
,00:14:54,145,14.8,04:03,93,56,,3822.30,17.1,,
,00:14:55,145,14.8,04:03,93,56,,3826.10,17.0,,
,00:14:56,145,14.7,04:05,93,56,,3829.70,17.1,,
,00:14:57,144,14.6,04:07,93,56,,3833.70,17.0,,
,00:14:58,144,14.6,04:07,91,56,,3837.30,17.0,,
,00:14:59,144,14.5,04:08,91,56,,3841.10,17.1,,
,00:15:00,145,14.4,04:10,91,56,,3844.90,17.1,,
,00:15:01,144,14.2,04:14,92,56,,3848.40,17.0,,
,00:15:02,145,14.1,04:15,93,56,,3852.10,17.0,,
,00:15:03,145,14.0,04:17,93,56,,3856.10,17.0,,
,00:15:04,145,14.0,04:17,92,56,,3859.80,17.0,,
,00:15:05,145,13.9,04:19,92,56,,3863.50,17.0,,
,00:15:06,146,13.8,04:21,93,56,,3866.80,17.1,,
,00:15:07,146,13.8,04:21,91,56,,3870.40,17.0,,
,00:15:08,147,13.8,04:21,91,56,,3873.90,17.0,,
,00:15:09,147,13.8,04:21,91,56,,3877.60,17.0,,
,00:15:10,147,13.9,04:19,91,56,,3881.50,17.0,,
,00:15:11,148,13.9,04:19,91,56,,3885.40,17.0,,
,00:15:12,148,14.0,04:17,91,56,,3889.50,17.0,,
,00:15:13,148,14.0,04:17,91,56,,3893.40,17.0,,
,00:15:14,148,14.0,04:17,91,56,,3897.30,17.0,,
,00:15:15,148,14.0,04:17,91,56,,3901.30,17.0,,
,00:15:16,147,14.0,04:17,91,56,,3905.30,17.0,,
,00:15:17,148,14.0,04:17,91,56,,3909.50,16.9,,
,00:15:18,148,14.1,04:15,91,56,,3913.50,16.9,,
,00:15:19,148,14.2,04:14,91,56,,3917.60,17.0,,
,00:15:20,148,14.4,04:10,91,56,,3921.70,16.9,,
,00:15:21,148,14.5,04:08,91,56,,3926.10,16.9,,
,00:15:22,148,14.6,04:07,92,56,,3931.00,16.9,,
,00:15:23,148,14.7,04:05,92,56,,3935.70,16.9,,
,00:15:24,148,14.7,04:05,92,56,,3940.30,16.9,,
,00:15:25,148,14.7,04:05,91,56,,3944.60,16.9,,
,00:15:26,148,14.6,04:07,91,56,,3948.70,16.9,,
,00:15:27,148,14.5,04:08,91,56,,3952.90,16.9,,
,00:15:28,148,14.4,04:10,92,56,,3957.20,16.9,,
,00:15:29,148,14.3,04:12,91,56,,3960.80,16.9,,
,00:15:30,148,14.2,04:14,91,56,,3964.10,16.9,,
,00:15:31,148,14.1,04:15,91,56,,3967.20,16.9,,
,00:15:32,148,14.0,04:17,91,56,,3970.50,16.9,,
,00:15:33,148,14.0,04:17,92,57,,3973.90,16.7,,
,00:15:34,148,14.0,04:17,91,57,,3977.70,16.9,,
,00:15:35,147,14.0,04:17,91,57,,3981.30,16.8,,
,00:15:36,147,14.0,04:17,91,57,,3985.10,16.8,,
,00:15:37,147,14.0,04:17,91,57,,3988.80,16.9,,
,00:15:38,147,14.1,04:15,91,57,,3992.80,16.8,,
,00:15:39,147,14.2,04:14,91,57,,3996.90,16.8,,
,00:15:40,147,14.3,04:12,92,57,,4001.10,16.8,,
,00:15:41,146,14.4,04:10,91,57,,4005.30,16.8,,
,00:15:42,146,14.5,04:08,91,57,,4009.60,16.8,,
,00:15:43,146,14.7,04:05,91,57,,4014.10,16.8,,
,00:15:44,146,15.1,03:58,91,57,,4018.60,16.7,,
,00:15:45,146,15.4,03:54,91,57,,4023.20,16.7,,
,00:15:46,146,15.6,03:51,91,57,,4028.10,16.8,,
,00:15:47,146,15.7,03:49,93,57,,4032.50,16.7,,
,00:15:48,146,15.7,03:49,93,57,,4036.70,16.7,,
,00:15:49,146,15.7,03:49,93,57,,4040.10,16.6,,
,00:15:50,146,15.6,03:51,93,57,,4043.70,16.6,,
,00:15:51,145,15.6,03:51,92,57,,4047.50,16.8,,
,00:15:52,145,15.6,03:51,91,57,,4051.50,16.8,,
,00:15:53,146,15.6,03:51,91,57,,4054.40,16.7,,
,00:15:54,146,15.6,03:51,91,57,,4058.00,16.7,,
,00:15:55,146,15.6,03:51,91,57,,4061.80,16.5,,
,00:15:56,146,15.7,03:49,91,57,,4066.50,16.6,,
,00:15:57,146,15.7,03:49,91,57,,4071.40,16.6,,
,00:15:58,147,15.7,03:49,91,57,,4076.10,16.6,,
,00:15:59,146,15.7,03:49,91,57,,4080.60,16.6,,
,00:16:00,147,15.7,03:49,92,57,,4084.90,16.5,,
,00:16:01,147,15.7,03:49,93,57,,4089.20,16.5,,
,00:16:02,146,15.6,03:51,92,57,,4093.50,16.5,,
,00:16:03,147,15.6,03:51,92,57,,4097.60,16.6,,
,00:16:04,147,15.5,03:52,91,57,,4101.40,16.6,,
,00:16:05,146,15.4,03:54,91,57,,4105.20,16.6,,
,00:16:06,147,15.4,03:54,91,57,,4109.10,16.6,,
,00:16:07,147,15.3,03:55,91,57,,4112.90,16.5,,
,00:16:08,147,15.2,03:57,92,57,,4116.80,16.6,,
,00:16:09,147,15.1,03:58,93,57,,4120.70,16.5,,
,00:16:10,147,15.0,04:00,92,57,,4124.60,16.6,,
,00:16:11,147,14.9,04:02,93,57,,4128.30,16.5,,
,00:16:12,146,14.8,04:03,91,57,,4132.30,16.5,,
,00:16:13,147,14.7,04:05,91,58,,4136.40,16.5,,
,00:16:14,146,14.5,04:08,91,58,,4140.30,16.5,,
,00:16:15,147,14.4,04:10,91,58,,4143.80,16.5,,
,00:16:16,147,14.2,04:14,91,58,,4147.10,16.5,,
,00:16:17,147,14.0,04:17,91,59,,4149.90,16.5,,
,00:16:18,147,14.1,04:15,92,59,,4152.90,16.5,,
,00:16:19,147,14.0,04:17,92,59,,4156.30,16.5,,
,00:16:20,148,14.1,04:15,91,59,,4159.90,16.5,,
,00:16:21,148,14.2,04:14,91,59,,4163.40,16.5,,
,00:16:22,148,14.4,04:10,91,59,,4166.70,16.5,,
,00:16:23,148,14.5,04:08,91,59,,4170.90,16.5,,
,00:16:24,148,14.7,04:05,91,59,,4175.60,16.5,,
,00:16:25,149,14.8,04:03,91,59,,4180.60,16.5,,
,00:16:26,149,14.8,04:03,91,59,,4185.40,16.5,,
,00:16:27,150,14.9,04:02,91,58,,4189.80,16.4,,
,00:16:28,149,14.9,04:02,92,58,,4194.00,16.5,,
,00:16:29,150,14.9,04:02,93,58,,4197.70,16.4,,
,00:16:30,150,15.0,04:00,92,58,,4201.60,16.5,,
,00:16:31,150,15.1,03:58,91,58,,4205.80,16.5,,
,00:16:32,150,15.3,03:55,91,58,,4209.80,16.4,,
,00:16:33,150,15.5,03:52,91,57,,4213.90,16.5,,
,00:16:34,150,15.8,03:48,91,57,,4218.30,16.5,,
,00:16:35,150,16.1,03:44,91,57,,4223.80,16.5,,
,00:16:36,150,17.5,03:26,91,57,,4229.60,16.5,,
,00:16:37,149,18.1,03:19,91,57,,4235.68,16.5,,
,00:16:38,149,18.2,03:18,92,57,,4241.77,16.4,,
,00:16:39,149,18.3,03:17,93,56,,4247.50,16.4,,
,00:16:40,148,18.0,03:20,93,56,,4252.70,16.4,,
,00:16:41,148,17.5,03:26,93,56,,4258.00,16.4,,
,00:16:42,148,17.1,03:31,92,56,,4262.80,16.4,,
,00:16:43,148,16.8,03:34,92,56,,4267.50,16.4,,
,00:16:44,147,16.5,03:38,92,56,,4271.70,16.4,,
,00:16:45,147,16.3,03:41,93,56,,4275.90,16.4,,
,00:16:46,146,16.2,03:42,93,56,,4279.90,16.3,,
,00:16:47,146,16.1,03:44,92,56,,4283.80,16.4,,
,00:16:48,146,16.0,03:45,92,56,,4288.10,16.5,,
,00:16:49,146,16.1,03:44,91,56,,4292.30,16.4,,
,00:16:50,145,16.2,03:42,91,56,,4296.70,16.4,,
,00:16:51,145,16.1,03:44,91,56,,4301.30,16.4,,
,00:16:52,145,16.1,03:44,91,56,,4305.60,16.4,,
,00:16:53,145,16.0,03:45,91,56,,4309.90,16.3,,
,00:16:54,145,15.9,03:46,91,56,,4314.10,16.3,,
,00:16:55,144,15.7,03:49,91,56,,4318.20,16.3,,
,00:16:56,144,15.6,03:51,91,56,,4322.30,16.3,,
,00:16:57,144,15.6,03:51,91,56,,4326.30,16.4,,
,00:16:58,144,15.6,03:51,92,56,,4330.40,16.3,,
,00:16:59,144,15.6,03:51,91,56,,4334.50,16.4,,
,00:17:00,144,15.6,03:51,92,56,,4338.70,16.3,,
,00:17:01,144,15.5,03:52,91,56,,4342.70,16.3,,
,00:17:02,145,15.4,03:54,92,56,,4346.80,16.3,,
,00:17:03,145,15.3,03:55,93,56,,4350.70,16.2,,
,00:17:04,145,15.2,03:57,93,56,,4354.60,16.3,,
,00:17:05,145,15.1,03:58,93,56,,4358.10,16.3,,
,00:17:06,145,15.0,04:00,92,56,,4361.80,16.4,,
,00:17:07,145,14.9,04:02,93,56,,4365.30,16.2,,
,00:17:08,146,14.8,04:03,91,56,,4368.30,16.3,,
,00:17:09,146,14.7,04:05,91,56,,4371.50,16.3,,
,00:17:10,146,14.7,04:05,91,56,,4374.80,16.3,,
,00:17:11,146,14.6,04:07,91,56,,4378.40,16.3,,
,00:17:12,146,14.6,04:07,91,56,,4382.30,16.3,,
,00:17:13,146,14.6,04:07,91,56,,4386.50,16.3,,
,00:17:14,146,14.7,04:05,91,56,,4390.70,16.3,,
,00:17:15,147,14.8,04:03,91,56,,4395.20,16.3,,
,00:17:16,146,15.1,03:58,91,56,,4400.00,16.3,,
,00:17:17,146,15.3,03:55,91,56,,4405.00,16.2,,
,00:17:18,147,15.5,03:52,91,56,,4410.30,16.2,,
,00:17:19,146,16.0,03:45,91,56,,4415.50,16.3,,
,00:17:20,147,16.1,03:44,91,56,,4420.70,16.2,,
,00:17:21,147,16.1,03:44,91,56,,4425.40,16.2,,
,00:17:22,147,16.1,03:44,91,56,,4430.30,16.3,,
,00:17:23,147,16.0,03:45,91,56,,4435.10,16.3,,
,00:17:24,147,15.9,03:46,91,56,,4439.50,16.3,,
,00:17:25,147,15.8,03:48,91,56,,4443.60,16.2,,
,00:17:26,147,15.7,03:49,91,56,,4447.20,16.2,,
,00:17:27,147,15.6,03:51,91,56,,4451.10,16.3,,
,00:17:28,147,15.5,03:52,93,56,,4455.00,16.3,,
,00:17:29,146,15.4,03:54,93,56,,4458.80,16.2,,
,00:17:30,146,15.4,03:54,92,56,,4462.70,16.2,,
,00:17:31,146,15.4,03:54,91,56,,4466.70,16.2,,
,00:17:32,146,15.4,03:54,91,56,,4470.70,16.2,,
,00:17:33,146,15.5,03:52,91,56,,4475.10,16.4,,
,00:17:34,146,15.6,03:51,91,56,,4479.40,16.1,,
,00:17:35,146,15.6,03:51,92,56,,4484.20,16.2,,
,00:17:36,146,15.5,03:52,91,56,,4488.70,16.2,,
,00:17:37,146,15.4,03:54,91,56,,4492.70,16.3,,
,00:17:38,146,15.3,03:55,92,56,,4496.80,16.2,,
,00:17:39,146,15.2,03:57,91,56,,4501.10,16.2,,
,00:17:40,146,15.1,03:58,91,56,,4505.10,16.3,,
,00:17:41,146,15.0,04:00,91,56,,4508.90,16.1,,
,00:17:42,146,15.0,04:00,91,56,,4512.30,16.2,,
,00:17:43,146,14.9,04:02,92,56,,4515.80,16.2,,
,00:17:44,146,14.9,04:02,91,56,,4519.50,16.2,,
,00:17:45,145,14.9,04:02,92,56,,4523.50,16.1,,
,00:17:46,145,14.9,04:02,93,56,,4527.60,16.1,,
,00:17:47,145,14.9,04:02,92,56,,4531.80,16.1,,
,00:17:48,145,14.9,04:02,91,56,,4535.80,16.1,,
,00:17:49,145,15.0,04:00,91,56,,4540.00,16.2,,
,00:17:50,146,15.0,04:00,92,56,,4544.40,16.1,,
,00:17:51,146,15.0,04:00,92,56,,4548.80,16.1,,
,00:17:52,146,15.1,03:58,93,56,,4553.30,16.1,,
,00:17:53,146,15.1,03:58,92,56,,4557.70,16.1,,
,00:17:54,146,15.2,03:57,93,56,,4562.00,16.0,,
,00:17:55,146,15.3,03:55,93,56,,4566.40,16.1,,
,00:17:56,146,15.5,03:52,93,56,,4570.90,16.1,,
,00:17:57,146,15.7,03:49,92,56,,4575.60,16.1,,
,00:17:58,146,15.9,03:46,91,56,,4580.10,16.1,,
,00:17:59,146,16.0,03:45,91,56,,4584.60,16.1,,
,00:18:00,147,16.1,03:44,91,56,,4589.40,16.1,,
,00:18:01,146,16.1,03:44,91,56,,4594.00,16.0,,
,00:18:02,146,16.1,03:44,91,56,,4598.60,16.0,,
,00:18:03,146,16.0,03:45,91,56,,4603.10,16.1,,
,00:18:04,146,15.9,03:46,91,56,,4607.50,16.0,,
,00:18:05,146,15.8,03:48,91,56,,4611.60,16.0,,
,00:18:06,146,15.7,03:49,91,56,,4615.90,16.0,,
,00:18:07,147,15.6,03:51,91,56,,4619.90,16.1,,
,00:18:08,147,15.6,03:51,91,56,,4624.10,16.1,,
,00:18:09,147,15.5,03:52,91,56,,4628.10,16.0,,
,00:18:10,147,15.4,03:54,91,56,,4631.90,16.0,,
,00:18:11,147,15.5,03:52,92,56,,4635.90,16.1,,
,00:18:12,147,15.4,03:54,91,56,,4640.10,16.0,,
,00:18:13,147,15.4,03:54,91,56,,4644.60,16.1,,
,00:18:14,147,15.5,03:52,91,56,,4648.80,16.1,,
,00:18:15,147,15.5,03:52,91,56,,4653.00,16.0,,
,00:18:16,146,15.5,03:52,91,56,,4657.50,16.0,,
,00:18:17,146,15.5,03:52,91,56,,4661.70,16.0,,
,00:18:18,146,15.5,03:52,92,56,,4666.20,16.0,,
,00:18:19,146,15.5,03:52,93,56,,4670.50,16.0,,
,00:18:20,145,15.5,03:52,93,56,,4674.80,16.0,,
,00:18:21,145,15.4,03:54,93,56,,4679.10,16.0,,
,00:18:22,145,15.4,03:54,93,56,,4682.90,16.0,,
,00:18:23,145,15.4,03:54,93,56,,4687.10,16.0,,
,00:18:24,145,15.4,03:54,93,56,,4691.30,15.9,,
,00:18:25,145,15.4,03:54,93,56,,4695.60,15.9,,
,00:18:26,145,15.4,03:54,93,56,,4699.90,15.9,,
,00:18:27,145,15.4,03:54,91,56,,4704.10,15.9,,
,00:18:28,145,15.4,03:54,91,56,,4708.30,15.9,,
,00:18:29,145,15.4,03:54,91,56,,4712.60,15.9,,
,00:18:30,145,15.4,03:54,91,56,,4716.90,15.9,,
,00:18:31,145,15.5,03:52,91,56,,4721.50,15.9,,
,00:18:32,145,15.5,03:52,91,56,,4726.00,15.9,,
,00:18:33,145,15.5,03:52,91,56,,4730.60,15.9,,
,00:18:34,145,15.6,03:51,91,56,,4735.10,15.9,,
,00:18:35,145,15.6,03:51,91,56,,4739.80,15.9,,
,00:18:36,146,15.5,03:52,91,56,,4744.00,15.9,,
,00:18:37,146,15.5,03:52,91,56,,4748.20,15.9,,
,00:18:38,146,15.4,03:54,91,56,,4752.40,15.9,,
,00:18:39,147,15.4,03:54,91,56,,4756.40,15.8,,
,00:18:40,147,15.3,03:55,91,56,,4760.20,15.9,,
,00:18:41,147,15.2,03:57,91,56,,4763.90,15.9,,
,00:18:42,147,15.2,03:57,92,56,,4767.40,15.9,,
,00:18:43,147,15.1,03:58,91,56,,4771.10,15.9,,
,00:18:44,146,15.1,03:58,91,56,,4774.70,15.9,,
,00:18:45,146,15.1,03:58,91,56,,4778.70,15.8,,
,00:18:46,146,15.0,04:00,92,56,,4782.60,15.9,,
,00:18:47,146,15.0,04:00,92,56,,4786.40,15.9,,
,00:18:48,146,15.0,04:00,91,56,,4790.50,15.8,,
,00:18:49,146,14.9,04:02,91,56,,4794.60,15.8,,
,00:18:50,146,14.9,04:02,91,56,,4798.80,15.8,,
,00:18:51,147,14.9,04:02,91,56,,4803.00,15.8,,
,00:18:52,147,14.9,04:02,91,56,,4807.00,15.8,,
,00:18:53,147,14.9,04:02,91,56,,4811.20,15.9,,
,00:18:54,147,14.9,04:02,91,56,,4815.40,15.8,,
,00:18:55,147,14.9,04:02,91,56,,4819.70,15.8,,
,00:18:56,147,14.8,04:03,91,56,,4823.70,15.7,,
,00:18:57,147,14.8,04:03,92,56,,4827.60,15.8,,
,00:18:58,147,14.7,04:05,92,56,,4831.10,15.8,,
,00:18:59,147,14.7,04:05,93,56,,4834.70,15.8,,
,00:19:00,147,14.6,04:07,91,56,,4838.50,15.8,,
,00:19:01,148,14.6,04:07,91,56,,4842.10,15.7,,
,00:19:02,147,14.5,04:08,91,56,,4845.90,15.8,,
,00:19:03,148,14.4,04:10,91,56,,4849.30,15.8,,
,00:19:04,147,14.3,04:12,91,56,,4853.10,15.8,,
,00:19:05,147,14.2,04:14,91,56,,4856.60,15.6,,
,00:19:06,147,14.2,04:14,91,56,,4860.40,15.7,,
,00:19:07,148,14.2,04:14,91,56,,4864.30,15.7,,
,00:19:08,148,14.4,04:10,92,56,,4868.50,15.7,,
,00:19:09,148,14.6,04:07,91,56,,4872.80,15.8,,
,00:19:10,147,14.7,04:05,91,56,,4877.30,15.6,,
,00:19:11,148,14.8,04:03,91,56,,4881.70,15.7,,
,00:19:12,147,14.9,04:02,91,56,,4886.10,15.7,,
,00:19:13,148,14.8,04:03,91,56,,4890.50,15.7,,
,00:19:14,147,14.7,04:05,91,56,,4894.70,15.6,,
,00:19:15,147,14.7,04:05,91,56,,4898.70,15.6,,
,00:19:16,147,14.6,04:07,91,56,,4902.70,15.7,,
,00:19:17,146,14.6,04:07,92,56,,4906.40,15.6,,
,00:19:18,146,14.6,04:07,92,56,,4910.20,15.6,,
,00:19:19,146,14.6,04:07,91,56,,4913.90,15.6,,
,00:19:20,146,14.7,04:05,91,56,,4917.90,15.6,,
,00:19:21,146,14.8,04:03,91,55,,4922.40,15.6,,
,00:19:22,146,15.0,04:00,91,55,,4927.50,15.6,,
,00:19:23,146,15.1,03:58,91,55,,4932.50,15.6,,
,00:19:24,146,15.3,03:55,92,55,,4937.80,15.6,,
,00:19:25,146,15.5,03:52,93,55,,4943.30,15.6,,
,00:19:26,146,15.6,03:51,93,55,,4948.70,15.6,,
,00:19:27,146,15.9,03:46,92,55,,4953.80,15.6,,
,00:19:28,145,16.0,03:45,91,55,,4959.00,15.6,,
,00:19:29,145,16.1,03:44,91,55,,4964.10,15.6,,
,00:19:30,145,16.0,03:45,91,55,,4968.40,15.6,,
,00:19:31,145,16.0,03:45,91,55,,4972.70,15.6,,
,00:19:32,145,15.9,03:46,91,55,,4976.80,15.6,,
,00:19:33,145,15.9,03:46,91,55,,4980.70,15.6,,
,00:19:34,145,15.8,03:48,91,55,,4984.80,15.5,,
,00:19:35,145,15.8,03:48,91,55,,4988.80,15.6,,
,00:19:36,145,15.9,03:46,91,55,,4993.10,15.6,,
,00:19:37,145,15.9,03:46,91,55,,4997.30,15.5,,
